Year,COMMENT_OBS_0,COMMENT_OBS_1,COMMENT_OBS_2,Value
2010,.,,,
2011,r,,,0.002882
2012,r,,,0.004101
2013,r,,,0.003597
2014,r,,,0.002803
2015,r,,,0.003539
2016,r,,,0.002628
2017,r,,,0.004129
2018,r,,,0.00627
2019,r,,,0.003639
2020,r,,,0.003656
2021,p,,,0.003291
2022,p,,,0.004378
