Year,Value
2010,
2011,0.002604
2012,0.002723
2013,0.002753
2014,0.002253
2015,0.002658
2016,0.002959
2017,0.002327
2018,0.002382
2019,0.001097
2020,0.001766
