{"Year":[2010,2011,2012,2013,2014,2015,2016,2017,2018,2019,2010,2011,2012,2013,2014,2015,2016,2017,2018,2019],"Pathogens and resistance":["Escherichia coli, 3GCR","Escherichia coli, 3GCR","Escherichia coli, 3GCR","Escherichia coli, 3GCR","Escherichia coli, 3GCR","Escherichia coli, 3GCR","Escherichia coli, 3GCR","Escherichia coli, 3GCR","Escherichia coli, 3GCR","Escherichia coli, 3GCR","Staphylococcus aureus, MR","Staphylococcus aureus, MR","Staphylococcus aureus, MR","Staphylococcus aureus, MR","Staphylococcus aureus, MR","Staphylococcus aureus, MR","Staphylococcus aureus, MR","Staphylococcus aureus, MR","Staphylococcus aureus, MR","Staphylococcus aureus, MR"],"Value":[8.35820895,7.96265788,8.83898709,10.74039362,10.53474223,10.29786291,11.09947643,12.28139037,12.19700759,11.50642805,20.9090909,16.08040201,15.37261022,12.81969309,12.90527654,11.25498007,10.17636326,9.07982937,7.66907199,6.71129707]}