Year,Value
2010,
2011,0.003062
2012,0.002957
2013,0.00299
2014,0.00231
2015,0.002499
2016,0.003175
2017,0.002337
2018,0.002382
2019,0.001104
2020,0.0016
2021,0.001872
